[{
        "layerName": "Convolution",
        "fieldSize": 5,
        "stride": 1,
        "zeroPad": 2,
        "outputDepth": 8
    },
    {
        "layerName": "ReLU"
    },
    {
        "layerName": "Max pool",
        "fieldSize": 2,
        "stride": 2,
        "zeroPad": 0
    },
    {
        "layerName": "Convolution",
        "fieldSize": 5,
        "stride": 1,
        "zeroPad": 2,
        "outputDepth": 16
    },
    {
        "layerName": "ReLU"
    },
    {
        "layerName": "Max pool",
        "fieldSize": 2,
        "stride": 2,
        "zeroPad": 0
    },
    {
        "layerName": "Flatten"
    },
    {
        "layerName": "Fully connected",
        "hiddenUnits": 10
    }
]